station,soil_clay_0-5cm,soil_sand_0-5cm,soil_silt_0-5cm,soil_ocs_0-5cm,soil_bdod_0-5cm
riyadh,46.28483516880632,800.5411225125686,153.1740423186251,7.903662079887486,150.9265420770484
hafar,47.345507812404506,762.8373851869228,189.8171070006727,7.478584547898505,147.4609262368764
sharurah,33.881553227039724,849.5378958835212,116.58055088943911,7.739319688924568,130.24053317692434
dammam,53.039867719995044,829.7551737155325,117.20495856447249,7.627129290990716,130.91313536404866
tabuk,47.041707872547505,797.2217892364748,155.73650289097768,7.164632858765605,153.579198806107
qassim,60.92551529630184,895.9738957631276,43.10058894057052,2.1975918642363563,154.5216217108369
arar,63.7487232269952,870.2638303355074,65.98744643749745,2.3636119694043307,150.7781118569285
najran,50.07149712385454,862.3892833063953,87.53921956975013,5.7305865465969195,159.30070206737082
