station,soil_clay_0-5cm,soil_sand_0-5cm,soil_silt_0-5cm,soil_ocs_0-5cm,soil_bdod_0-5cm
riyadh,35.08219945543584,862.3705611998491,102.54723934471502,3.314382232357538,154.04999039411302
hafar,63.62495094278165,752.9269130399964,183.44813601722194,3.9039155167291737,154.66088565581305
sharurah,76.02713354651732,873.8029604129459,50.169906040536745,3.727154426968408,148.95394754024616
dammam,33.079898698583165,776.5011268092259,190.41897449219096,4.8372833873941525,155.3380532320777
tabuk,45.47789771010132,844.7345357367925,109.78756655310617,2.2193140131757616,146.24700905561787
qassim,39.02166018653409,880.4256116245488,80.55272818891714,2.4760859029950977,159.82823081307203
arar,70.97537523354657,830.5584297701723,98.4661949962811,4.788831506104338,148.24352101305374
najran,50.33444523289779,834.4759991371567,115.18955562994552,3.5690815554979913,145.95605076992967
