station,soil_clay_0-5cm,soil_sand_0-5cm,soil_silt_0-5cm,soil_ocs_0-5cm,soil_bdod_0-5cm
riyadh,46.2836407975753,805.0007869957083,148.71557220671644,4.920155012928453,153.44548494488393
hafar,51.532296161506565,825.3041378277652,123.16356601072823,3.270046199181455,158.33123311001037
sharurah,76.12457283550577,830.8239150365771,93.05151212791714,7.156497784323537,151.8669146750047
dammam,55.898801974512764,875.6015269527512,68.49967107273602,3.723588543168874,133.27662278525938
tabuk,33.04460551783572,822.4805324427742,144.47486203939005,7.545740871828872,146.38758778087487
qassim,40.471830468436494,858.0014075426261,101.5267619889374,5.724354272768139,158.91745151891968
arar,32.852809067000706,771.6418711734907,195.5053197595086,5.687883590141832,130.8220316514526
najran,58.593326050127246,791.6653385387561,149.7413354111166,4.106109404244806,158.62530363811229
