station,soil_clay_0-5cm,soil_sand_0-5cm,soil_silt_0-5cm,soil_ocs_0-5cm,soil_bdod_0-5cm
riyadh,61.514162466087704,843.6658778180787,83.18897013028953,3.5681309852588923,131.9153245771344
hafar,71.01444827857844,769.3773853004955,188.3817046439358,7.203659504551604,156.80038291914755
sharurah,55.69393411204089,819.6081443599328,139.5842269770871,3.1157849043890007,147.35381025290545
